City_ID,City,Lat,Lng,Max Temp,Humidity,Cloudiness,Windspeed,Country,Date
0,punta arenas,-53.15,-70.9167,44.71,87,40,21.85,CL,1661114039
1,ribeira grande,38.5167,-28.7,75.6,73,75,1.14,PT,1661113945
2,jamestown,42.097,-79.2353,73.02,63,100,13.8,US,1661114157
3,port alfred,-33.5906,26.891,55.56,71,0,4.41,ZA,1661114157
4,bengkulu,-3.8004,102.2655,72.79,90,100,4.79,ID,1661114158
5,mogadishu,2.0371,45.3438,76.3,82,22,17.36,SO,1661113898
6,bredasdorp,-34.5322,20.0403,48.22,94,0,5.64,ZA,1661114158
7,saint george,37.1041,-113.5841,96.44,36,0,9.22,US,1661113930
8,ushuaia,-54.8,-68.3,46.06,71,100,12.66,AR,1661114159
9,arraial do cabo,-22.9661,-42.0278,67.96,72,40,10.36,BR,1661114160
10,dehloran,32.6941,47.2679,99.09,11,0,4.54,IR,1661114160
11,sukhobezvodnoye,57.0491,44.8891,59.23,78,13,4.81,RU,1661114161
12,lebu,-37.6167,-73.65,53.42,84,0,16.08,CL,1661114161
13,puerto ayora,-0.7393,-90.3518,73.36,92,92,5.99,EC,1661114162
14,butaritari,3.0707,172.7902,81.27,77,13,13.89,KI,1661113882
15,albany,42.6001,-73.9662,86.36,46,100,1.01,US,1661113797
16,busselton,-33.65,115.3333,48.67,74,42,10.45,AU,1661114163
17,saint-philippe,-21.3585,55.7679,67.59,71,0,7.45,RE,1661114164
18,kodinsk,58.6881,99.1844,45.79,98,99,4.63,RU,1661114164
19,batagay,67.6333,134.6333,50.74,93,83,2.98,RU,1661114165
20,guerrero negro,27.9769,-114.0611,78.26,56,19,14.41,MX,1661113937
21,fortuna,40.5982,-124.1573,63.52,85,0,13.8,US,1661114166
22,puerto lopez,4.0845,-72.956,78.28,74,99,5.5,CO,1661114166
23,mayo,38.8876,-76.5119,82.35,81,40,10.36,US,1661114167
24,talnakh,69.4865,88.3972,42.21,83,89,7.61,RU,1661114167
25,cape town,-33.9258,18.4232,54.12,81,0,1.14,ZA,1661114168
26,georgetown,5.4112,100.3354,78.89,90,20,0.0,MY,1661113980
27,brasileia,-11.0161,-68.7481,84.65,34,3,9.22,BR,1661114168
28,atuona,-9.8,-139.0333,76.53,68,73,16.75,PF,1661114169
29,vardo,70.3705,31.1107,58.35,76,88,13.73,NO,1661113923
30,college,64.8569,-147.8028,68.58,60,75,3.44,US,1661114169
31,tarata,-17.6167,-66.0167,74.62,22,0,9.89,BO,1661114170
32,vostok,46.4856,135.8833,53.26,83,95,4.36,RU,1661114170
33,rikitea,-23.1203,-134.9692,70.9,71,100,16.53,PF,1661114171
34,san isidro,-12.1167,-77.05,60.39,77,100,9.22,PE,1661114171
35,kapaa,22.0752,-159.319,83.48,64,40,14.97,US,1661113993
36,kaitangata,-46.2817,169.8464,45.48,80,100,4.09,NZ,1661114172
37,khatanga,71.9667,102.5,45.73,68,100,7.0,RU,1661114173
38,bilma,18.6853,12.9164,97.48,24,4,8.86,NE,1661114173
39,dawei,14.0833,98.2,75.18,96,100,5.06,MM,1661114174
40,lulea,65.5842,22.1547,59.07,94,100,8.05,SE,1661114175
41,olafsvik,64.8945,-23.7142,47.68,59,97,6.91,IS,1661114175
42,kieta,-6.2167,155.6333,78.6,83,47,2.06,PG,1661114176
43,mocuba,-16.8392,36.9856,67.91,81,100,7.07,MZ,1661114176
44,hambantota,6.1241,81.1185,78.33,83,100,17.81,LK,1661114177
45,malmesbury,-33.4608,18.7271,45.77,91,0,3.94,ZA,1661114177
46,magdagachi,53.45,125.8,46.67,96,13,3.49,RU,1661114178
47,yellowknife,62.456,-114.3525,63.12,59,75,9.22,CA,1661114101
48,san quintin,30.4833,-115.95,74.07,70,24,12.12,MX,1661114178
49,vilcun,-38.65,-72.2333,70.54,72,0,2.77,CL,1661114179
50,martinsicuro,42.8811,13.9145,72.88,57,69,5.03,IT,1661114179
51,qaanaaq,77.484,-69.3632,36.86,64,76,4.56,GL,1661114180
52,srednekolymsk,67.45,153.6833,60.08,76,100,9.42,RU,1661114180
53,mataura,-46.1927,168.8643,48.47,95,100,1.3,NZ,1661114181
54,avarua,-21.2078,-159.775,75.25,94,40,10.36,CK,1661114181
55,portland,45.5234,-122.6762,89.37,47,20,5.75,US,1661113924
56,pacifica,37.6138,-122.4869,85.98,73,20,21.0,US,1661114034
57,raposa,-6.5167,-44.1833,84.67,25,75,7.0,BR,1661114182
58,mar del plata,-38.0023,-57.5575,51.1,81,100,9.22,AR,1661114187
59,basoko,1.2391,23.616,71.87,85,73,1.39,CD,1661114187
60,rouvroy,50.3925,2.904,69.69,68,100,9.46,FR,1661114188
61,pavlovka,52.6897,47.1405,65.05,57,1,6.98,RU,1661114188
62,belaya gora,68.5333,146.4167,62.69,63,97,8.43,RU,1661114189
63,klaksvik,62.2266,-6.589,47.32,81,100,21.63,FO,1661113974
64,jumla,29.2747,82.1838,62.35,91,96,0.25,NP,1661114189
65,berlevag,70.8578,29.0864,69.6,88,0,2.3,NO,1661114190
66,yovon,38.3141,69.0378,74.88,22,90,2.73,TJ,1661114190
67,napkor,47.938,21.8676,66.87,92,100,5.55,HU,1661114191
68,altay,47.8667,88.1167,47.77,30,16,5.08,CN,1661114191
69,faya,18.3851,42.4509,64.92,80,100,7.29,SA,1661114192
70,hayden,47.766,-116.7866,93.2,27,0,4.0,US,1661114192
71,yumen,40.2833,97.2,64.15,21,99,20.13,CN,1661114193
72,hofn,64.2539,-15.2082,48.09,68,94,6.62,IS,1661114193
73,new norfolk,-42.7826,147.0587,50.72,85,100,7.54,AU,1661114194
74,victoria,22.2855,114.1577,84.38,87,96,1.99,HK,1661113853
75,boende,-0.2167,20.8667,75.97,74,66,2.95,CD,1661114195
76,pouso alegre,-22.23,-45.9364,64.81,53,19,2.42,BR,1661114195
77,korla,41.7597,86.1469,70.36,38,84,14.74,CN,1661114195
78,pisco,-13.7,-76.2167,62.02,82,40,6.91,PE,1661114196
79,tabas,33.5959,56.9244,79.63,17,0,3.89,IR,1661114197
80,nova vicosa,-17.8919,-39.3719,70.34,76,81,19.91,BR,1661114197
81,castro,-24.7911,-50.0119,55.74,84,97,4.94,BR,1661114198
82,hobart,-42.8794,147.3294,51.26,83,100,11.54,AU,1661113901
83,tuktoyaktuk,69.4541,-133.0374,41.0,87,100,13.8,CA,1661114199
84,ola,59.5833,151.2833,57.15,88,74,8.48,RU,1661114199
85,hilo,19.7297,-155.09,84.27,64,75,9.22,US,1661114017
86,vrindavan,27.5833,77.7,79.59,83,100,6.53,IN,1661114200
87,seymchan,62.8833,152.4333,55.26,90,100,5.68,RU,1661113998
88,sola,-13.8833,167.55,74.07,88,71,3.44,VU,1661114201
89,kudahuvadhoo,2.6708,72.8944,82.26,75,33,12.93,MV,1661114201
90,bulgan,48.8125,103.5347,40.15,84,1,2.75,MN,1661114201
91,disna,55.568,28.1971,59.0,87,36,7.38,BY,1661113928
92,nipawin,53.3668,-104.0009,78.84,57,75,10.36,CA,1661114202
93,sitka,57.0531,-135.33,57.09,94,100,0.0,US,1661114202
94,chermoz,58.787,56.1489,59.0,79,0,3.96,RU,1661114203
95,tual,-5.6667,132.75,79.23,79,24,21.88,ID,1661114203
96,isangel,-19.55,169.2667,66.31,94,11,1.14,VU,1661114204
97,ilulissat,69.2167,-51.1,39.22,81,75,5.75,GL,1661114204
98,sao joao da barra,-21.6403,-41.0511,69.89,67,98,14.79,BR,1661114020
99,san policarpo,12.1791,125.5072,77.4,87,100,5.32,PH,1661114205
100,alofi,-19.0595,-169.9187,75.09,73,75,4.61,NU,1661114205
101,mandalgovi,45.7625,106.2708,43.9,74,90,11.07,MN,1661114206
102,xuddur,4.1213,43.8894,71.2,74,79,20.11,SO,1661114206
103,sao gabriel da cachoeira,-0.1303,-67.0892,78.93,70,96,2.8,BR,1661114207
104,vaini,-21.2,-175.2,73.56,88,20,9.22,TO,1661114207
105,barrow,71.2906,-156.7887,34.97,67,100,15.23,US,1661114208
106,shimoda,34.6667,138.95,74.1,90,29,14.25,JP,1661113937
107,saldanha,-33.0117,17.9442,50.05,83,0,12.24,ZA,1661114209
108,constitucion,-35.3333,-72.4167,58.55,73,1,7.81,CL,1661113932
109,cockburn town,21.4612,-71.1419,85.96,66,40,11.5,TC,1661114210
110,hithadhoo,-0.6,73.0833,81.82,76,61,12.15,MV,1661114210
111,koshurnikovo,54.1667,93.3,43.07,97,99,2.3,RU,1661114211
112,codrington,-38.2667,141.9667,52.21,77,91,17.81,AU,1661114211
113,kirakira,-10.4544,161.9205,79.86,80,27,10.33,SB,1661114212
114,knysna,-34.0363,23.0471,50.97,78,0,2.98,ZA,1661114213
115,narsaq,60.9167,-46.05,55.62,53,9,2.51,GL,1661114032
116,meulaboh,4.1363,96.1285,75.76,88,100,4.63,ID,1661114213
117,ponta do sol,32.6667,-17.1,78.71,65,98,8.41,PT,1661114214
118,seoul,37.5683,126.9778,78.24,88,20,4.61,KR,1661114105
119,east london,-33.0153,27.9116,57.58,60,0,6.11,ZA,1661114215
120,clearlake,38.9582,-122.6264,96.35,24,0,7.76,US,1661114215
121,tungor,53.3808,142.9564,55.09,87,100,14.45,RU,1661114216
122,rawson,-43.3002,-65.1023,53.71,58,0,25.99,AR,1661114216
123,guiratinga,-16.3494,-53.7583,84.94,27,100,4.54,BR,1661114217
124,uusikaupunki,60.8004,21.4084,58.84,88,100,2.1,FI,1661114217
125,kenai,60.5544,-151.2583,58.08,95,100,10.36,US,1661114218
126,harer,9.3094,42.1258,64.31,63,77,8.79,ET,1661114218
127,durango,24.8333,-104.8333,79.74,35,45,3.65,MX,1661114023
128,severo-kurilsk,50.6789,156.125,57.4,97,94,3.42,RU,1661113937
129,roald,62.5833,6.1333,56.91,87,40,17.27,NO,1661114220
130,chapada dos guimaraes,-15.4606,-55.7497,80.26,36,74,5.44,BR,1661114220
131,kunming,25.0389,102.7183,62.53,100,100,6.71,CN,1661113941
132,kyshtovka,56.555,76.6271,45.01,86,100,5.1,RU,1661114221
133,kutum,14.2,24.6667,76.89,57,21,5.95,SD,1661114221
134,bluff,-46.6,168.3333,48.79,63,71,10.31,NZ,1661114222
135,ambilobe,-13.2,49.05,67.69,64,56,5.91,MG,1661114222
136,battle creek,42.3212,-85.1797,82.45,40,20,6.91,US,1661114163
137,bathsheba,13.2167,-59.5167,84.81,79,40,9.22,BB,1661114223
138,hermanus,-34.4187,19.2345,53.8,86,0,8.93,ZA,1661114223
139,canaries,28.0,-15.5,73.36,61,0,27.63,ES,1661114224
140,ostrovnoy,68.0531,39.5131,62.29,61,5,20.31,RU,1661113977
141,lavrentiya,65.5833,-171.0,45.43,62,0,6.8,RU,1661114225
142,atar,20.5169,-13.0499,93.88,37,98,6.11,MR,1661114225
143,wahiawa,21.5028,-158.0236,81.21,59,0,11.5,US,1661114226
144,ginda,30.6945,78.4932,63.86,85,100,3.65,IN,1661114227
145,namibe,-15.1961,12.1522,64.27,96,28,7.52,AO,1661114227
146,saskylakh,71.9167,114.0833,35.28,92,99,4.79,RU,1661113853
147,luderitz,-26.6481,15.1594,60.08,57,1,7.65,NA,1661114228
148,tubuala,9.5167,-79.0333,80.98,81,100,5.88,PA,1661114228
149,raga,8.4596,25.678,69.08,98,55,3.2,SS,1661114229
150,shingu,33.7333,135.9833,77.45,90,0,5.48,JP,1661114230
151,dryden,49.7833,-92.7503,77.29,44,0,9.22,CA,1661114230
152,santa marta,11.2408,-74.199,82.4,77,96,8.61,CO,1661114158
153,maiduguri,11.8464,13.1603,74.68,84,99,6.51,NG,1661114231
154,tazovskiy,67.4667,78.7,42.96,79,100,2.51,RU,1661113934
155,muros,42.7762,-9.0603,70.68,83,20,8.32,ES,1661114232
156,comodoro rivadavia,-45.8667,-67.5,57.06,54,0,8.05,AR,1661114232
157,penzance,50.1186,-5.5371,64.76,83,97,11.25,GB,1661114233
158,long branch,40.3043,-73.9924,83.28,78,40,9.22,US,1661114233
159,huanren,41.2647,125.3667,62.15,98,100,1.25,CN,1661114234
160,cayenne,4.9333,-52.3333,75.24,94,75,9.22,GF,1661114234
161,carnarvon,-24.8667,113.6333,64.35,69,0,15.23,AU,1661114235
162,aswan,24.0934,32.907,97.9,14,0,9.22,EG,1661114236
163,touros,-5.1989,-35.4608,76.42,73,96,16.42,BR,1661114208
164,flinders,-34.5833,150.8552,51.39,80,98,1.99,AU,1661114236
165,pevek,69.7008,170.3133,49.32,61,2,20.76,RU,1661114237
166,taoudenni,22.6783,-3.9836,103.08,15,80,3.6,ML,1661114237
167,tessalit,20.1986,1.0114,97.25,19,19,6.8,ML,1661114237
168,ishigaki,24.3448,124.1572,78.93,94,40,3.44,JP,1661114238
169,ciudad bolivar,8.1222,-63.5497,76.68,85,100,8.97,VE,1661114238
170,lasa,46.6166,10.7002,58.95,80,8,5.5,IT,1661114239
171,esperance,-33.8667,121.9,53.53,66,100,22.79,AU,1661114240
172,poway,32.9628,-117.0359,94.12,62,0,10.36,US,1661114218
173,pionki,51.476,21.4499,70.59,42,100,4.38,PL,1661114241
174,barra do bugres,-15.0725,-57.1811,86.25,33,47,3.49,BR,1661114241
175,murray bridge,-35.1167,139.2667,56.12,90,0,9.31,AU,1661114242
176,provideniya,64.3833,-173.3,52.02,54,0,0.78,RU,1661114242
177,junagarh,19.8667,82.9333,74.66,91,99,5.73,IN,1661114243
178,lagdo,9.05,13.7333,69.89,96,98,6.35,CM,1661114243
179,asfi,32.2994,-9.2372,74.61,73,0,19.04,MA,1661114244
180,leningradskiy,69.3833,178.4167,43.5,73,15,12.12,RU,1661114244
181,laguna,38.421,-121.4238,98.31,35,0,10.36,US,1661114245
182,lagoa,39.05,-27.9833,73.6,80,54,4.81,PT,1661114245
183,natal,-5.795,-35.2094,82.62,69,20,14.97,BR,1661113961
184,lorengau,-2.0226,147.2712,79.88,80,99,8.43,PG,1661114246
185,chapaevsk,52.9813,49.7112,67.95,57,0,6.62,RU,1661114247
186,fort nelson,58.8053,-122.7002,76.59,44,20,3.44,CA,1661114247
187,kapuskasing,49.4169,-82.4331,71.69,56,75,8.05,CA,1661114169
188,clarence town,-32.5833,151.7833,50.86,92,36,3.06,AU,1661114248
189,enshi,30.3,109.4833,75.2,83,82,0.34,CN,1661114248
190,gidole,5.65,37.3667,61.59,59,100,1.5,ET,1661114249
191,houma,29.5958,-90.7195,90.0,75,0,10.36,US,1661114086
192,kindu,-2.95,25.95,75.34,64,95,2.06,CD,1661114250
193,peniche,39.3558,-9.3811,69.3,93,18,17.13,PT,1661114250
194,cherskiy,68.75,161.3,62.35,58,100,17.0,RU,1661114251
195,geraldton,-28.7667,114.6,46.81,100,1,8.05,AU,1661114251
196,abong mbang,3.9833,13.1833,67.89,97,99,1.19,CM,1661114252
197,dikson,73.5069,80.5464,42.82,96,100,12.91,RU,1661113991
198,ancud,-41.8697,-73.8203,52.34,77,91,1.74,CL,1661114058
199,kastamonu,41.5,33.6667,65.71,81,2,2.59,TR,1661114253
200,bandarbeyla,9.4942,50.8122,76.26,83,65,29.19,SO,1661114253
201,yulara,-25.2406,130.9889,50.94,45,0,4.12,AU,1661114254
202,sisimiut,66.9395,-53.6735,42.93,76,52,8.08,GL,1661114254
203,krasnoselkup,65.7,82.4667,40.59,80,69,7.29,RU,1661114114
204,hannibal,39.7084,-91.3585,79.7,40,37,8.39,US,1661114077
205,lompoc,34.6391,-120.4579,84.69,78,100,11.5,US,1661114255
206,okhotsk,59.3833,143.3,55.33,91,100,10.02,RU,1661114256
207,kahului,20.8947,-156.47,87.82,55,20,20.71,US,1661114256
208,lucapa,-8.4192,20.7447,73.2,28,13,0.85,AO,1661114257
209,kodiak,57.79,-152.4072,53.11,100,100,12.66,US,1661114257
210,cidreira,-30.1811,-50.2056,56.91,83,0,6.76,BR,1661114258
211,aberdeen,57.1437,-2.0981,57.69,77,99,1.14,GB,1661114176
212,port hedland,-20.3167,118.5667,57.25,58,0,6.91,AU,1661114259
213,mangan,27.5167,88.5333,73.58,85,34,4.14,IN,1661114259
214,sangin,32.0728,64.8359,82.15,26,23,2.06,AF,1661114260
215,viedma,-40.8135,-62.9967,51.12,62,1,14.27,AR,1661114260
216,caravelas,-17.7125,-39.2481,70.38,75,92,15.86,BR,1661114261
217,saint anthony,45.0205,-93.218,83.86,50,75,9.22,US,1661114261
218,moose factory,51.2585,-80.6094,71.6,64,100,3.44,CA,1661114262
219,beaumont,30.0861,-94.1019,93.18,76,75,13.8,US,1661114143
220,sao filipe,14.8961,-24.4956,77.74,88,100,14.36,CV,1661114263
221,marathon,44.9,-89.7668,80.35,48,0,11.5,US,1661114263
222,ketchikan,55.3422,-131.6461,68.47,73,0,8.05,US,1661114264
223,dwarka,22.2394,68.9678,80.73,82,100,16.96,IN,1661114264
224,qaqortoq,60.7167,-46.0333,45.39,66,17,1.81,GL,1661114265
225,sault sainte marie,46.5168,-84.3333,77.29,70,0,17.27,CA,1661114250
226,broome,42.2506,-75.833,80.2,66,75,7.0,US,1661114266
227,storforshei,66.4043,14.5233,60.58,87,75,2.3,NO,1661114266
228,santona,43.4439,-3.4576,71.91,77,93,7.81,ES,1661114267
229,bethel,41.3712,-73.414,85.35,57,20,10.36,US,1661114267
230,gushikawa,26.3544,127.8686,84.2,84,20,9.22,JP,1661114268
231,homer,59.6425,-151.5483,62.49,55,75,5.75,US,1661114268
232,vung tau,10.346,107.0843,80.31,84,100,10.54,VN,1661114269
233,ardakan,32.31,54.0175,78.93,17,0,2.19,IR,1661114269
234,chokurdakh,70.6333,147.9167,58.62,79,100,3.47,RU,1661114270
235,clyde river,70.4692,-68.5914,44.83,81,75,5.75,CA,1661114270
236,zhigansk,66.7697,123.3711,39.9,92,100,4.61,RU,1661114014
237,puerto del rosario,28.5004,-13.8627,83.95,51,0,12.66,ES,1661114271
238,santiago del estero,-27.7951,-64.2615,73.13,13,0,4.21,AR,1661114272
239,flin flon,54.7682,-101.865,75.04,64,100,4.61,CA,1661114272
240,nanortalik,60.1432,-45.2371,40.33,88,27,12.91,GL,1661114273
241,thompson,55.7435,-97.8558,68.16,56,75,13.8,CA,1661114232
242,weyburn,49.6668,-103.8511,88.02,23,91,6.91,CA,1661114273
243,kurchum,48.5722,83.6542,52.03,59,0,5.75,KZ,1661114274
244,russell,32.3502,-85.1999,85.91,70,0,6.91,US,1661114274
245,cruzeiro do sul,-29.5128,-51.9853,58.51,83,0,2.84,BR,1661114148
246,mahon,39.8885,4.2658,79.36,78,20,6.91,ES,1661114275
247,seminole,28.7086,-81.2081,92.98,70,40,11.5,US,1661114275
248,mulege,26.8833,-111.9833,92.16,33,75,7.61,MX,1661114276
249,dunedin,-45.8742,170.5036,47.8,68,95,5.01,NZ,1661114276
250,larap,14.299,122.6504,76.15,92,100,5.53,PH,1661114277
251,salalah,17.0151,54.0924,75.29,100,100,4.61,OM,1661114278
252,krapina,46.1608,15.8789,70.5,72,100,1.66,HR,1661114278
253,ahuimanu,21.4447,-157.8378,84.2,62,0,17.27,US,1661114278
254,gobabis,-22.45,18.9667,51.46,19,4,10.47,NA,1661114279
255,kumluca,36.3703,30.2869,82.17,72,42,2.28,TR,1661114280
256,sao miguel do araguaia,-13.275,-50.1628,85.14,22,3,3.67,BR,1661114280
257,watertown,42.3709,-71.1828,89.58,42,0,13.8,US,1661114025
258,canton,23.1167,113.25,82.87,83,100,2.84,CN,1661114140
259,pangkalanbuun,-2.6833,111.6167,74.41,92,100,1.5,ID,1661114281
260,totma,59.9747,42.7642,56.91,79,90,4.43,RU,1661114282
261,snihurivka,47.0758,32.8052,74.75,67,4,5.41,UA,1661114283
262,saint-medard-en-jalles,44.8969,-0.7214,71.82,73,100,5.75,FR,1661114283
263,byron bay,-28.65,153.6167,42.76,68,100,1.1,AU,1661114284
264,luanda,-8.8368,13.2343,68.45,91,0,7.45,AO,1661114284
265,taganak,6.0833,118.3,78.94,79,100,8.5,PH,1661114285
266,kavieng,-2.5744,150.7967,80.71,77,87,11.59,PG,1661114286
267,huejuquilla el alto,22.6,-103.8667,78.26,47,80,6.89,MX,1661114286
268,te anau,-45.4167,167.7167,40.96,96,100,0.63,NZ,1661114286
269,daltenganj,24.0333,84.0667,75.54,88,95,3.85,IN,1661114287
270,urucui,-7.2294,-44.5561,87.76,25,92,7.9,BR,1661114287
271,buraydah,26.326,43.975,97.25,13,29,14.61,SA,1661114288
272,fairbanks,64.8378,-147.7164,68.59,60,75,3.44,US,1661114280
273,mackay,-21.15,149.2,59.68,72,64,12.33,AU,1661114289
274,parkent,41.2944,69.6764,58.82,19,0,5.77,UZ,1661114289
275,sao felix do xingu,-6.6447,-51.995,88.21,25,96,3.18,BR,1661114289
276,mayumba,-3.432,10.6554,71.82,90,100,5.55,GA,1661114290
277,tasiilaq,65.6145,-37.6368,44.76,93,100,4.36,GL,1661114290
278,nikolskoye,59.7035,30.7861,66.09,57,42,5.68,RU,1661114291
279,pareora,-44.4871,171.2132,46.18,97,57,5.7,NZ,1661114292
280,jalu,29.0331,21.5482,81.97,54,0,14.34,LY,1661114293
281,najran,17.4924,44.1277,84.85,40,100,7.52,SA,1661114293
282,muroto,33.2833,134.15,81.81,84,1,9.51,JP,1661114294
283,bambous virieux,-20.3428,57.7575,67.21,88,40,4.61,MU,1661114294
284,tucurui,-3.7661,-49.6725,86.9,33,80,4.34,BR,1661114295
285,iqaluit,63.7506,-68.5145,44.33,87,100,16.11,CA,1661114295
286,wanning,18.8003,110.3967,80.56,89,41,8.46,CN,1661114296
287,nizhniy tsasuchey,50.5167,115.1333,47.52,71,49,12.73,RU,1661114296
288,inhambane,-23.865,35.3833,62.19,63,0,8.37,MZ,1661114297
289,fuxin,42.0156,121.6589,66.47,96,100,10.13,CN,1661114297
290,meadow lake,34.8014,-106.5436,82.45,42,86,3.89,US,1661114102
291,shizunai,42.3339,142.3669,67.8,77,0,4.9,JP,1661114189
292,ziniare,12.5822,-1.2983,82.44,65,45,5.48,BF,1661114299
293,pskov,57.8136,28.3496,60.71,77,0,4.47,RU,1661114299
294,half moon bay,37.4636,-122.4286,88.05,63,100,14.97,US,1661114300
295,pacific grove,36.6177,-121.9166,70.34,80,40,11.99,US,1661114300
296,mahebourg,-20.4081,57.7,67.24,88,40,4.61,MU,1661114301
297,carutapera,-1.195,-46.02,79.61,74,91,8.84,BR,1661114301
298,akureyri,65.6835,-18.0878,46.33,66,40,3.44,IS,1661114302
299,samarai,-10.6167,150.6667,78.3,85,99,17.81,PG,1661114302
300,amapa,1.0,-52.0,80.76,69,100,2.8,BR,1661114303
301,charters towers,-20.1,146.2667,53.67,87,0,6.67,AU,1661114303
302,longyearbyen,78.2186,15.6401,42.64,75,40,1.14,SJ,1661114304
303,amambai,-23.1042,-55.2258,66.92,73,33,5.75,BR,1661114305
304,anadyr,64.75,177.4833,52.3,71,0,11.18,RU,1661114305
305,nakamura,32.9833,132.9333,76.91,94,2,3.13,JP,1661114306
306,leh,34.1667,77.5833,62.62,43,28,6.11,IN,1661114306
307,kazachinskoye,57.6953,93.2761,48.47,98,100,4.43,RU,1661114307
308,oarai,36.3167,140.6,75.34,88,6,16.17,JP,1661114307
309,novikovo,51.1537,37.8879,73.85,27,89,14.72,RU,1661114308
310,mount gambier,-37.8333,140.7667,49.91,93,100,17.27,AU,1661114242
311,marang,5.2056,103.2059,76.93,88,100,6.87,MY,1661114308
312,methoni,36.8197,21.7049,78.66,77,2,16.22,GR,1661114309
313,grants,35.1473,-107.8514,77.23,38,0,4.61,US,1661114309
314,goderich,43.7501,-81.7165,71.91,83,100,5.75,CA,1661114310
315,grindavik,63.8424,-22.4338,53.55,71,0,13.8,IS,1661114310
316,elizabeth city,36.2946,-76.2511,86.02,84,100,1.99,US,1661114311
317,kismayo,-0.3582,42.5454,75.42,79,4,17.92,SO,1661114311
318,westport,41.1415,-73.3579,85.89,60,0,10.36,US,1661114312
319,maku,39.2911,44.4521,70.41,46,0,0.0,IR,1661114312
320,newport,51.5877,-2.9984,67.33,69,40,4.12,GB,1661114147
321,alihe,50.5667,123.7167,48.4,81,100,2.68,CN,1661114313
322,walvis bay,-22.9575,14.5053,76.15,11,71,18.41,NA,1661114314
323,haapsalu,58.9431,23.5414,68.99,77,100,12.1,EE,1661114314
324,nemuro,43.3236,145.575,64.13,93,63,5.08,JP,1661114315
325,san patricio,28.017,-97.5169,91.29,56,100,14.25,US,1661114315
326,berdigestyakh,62.0989,126.6992,46.49,95,96,6.13,RU,1661114316
327,coron,11.9986,120.2043,77.05,90,100,6.51,PH,1661114316
328,hamilton,39.1834,-84.5333,83.52,79,75,9.22,US,1661114251
329,deputatskiy,69.3,139.9,50.61,82,79,1.19,RU,1661114317
330,inhuma,-6.6683,-41.7078,81.59,25,58,7.54,BR,1661114318
331,port elizabeth,-33.918,25.5701,52.09,87,0,5.75,ZA,1661114318
332,batemans bay,-35.7167,150.1833,41.09,75,100,5.91,AU,1661114318
333,bucerias,20.75,-105.3333,90.99,62,0,8.05,MX,1661114268
334,mount isa,-20.7333,139.5,44.37,57,0,0.0,AU,1661114319
335,itaparica,-12.8883,-38.6786,76.93,73,73,13.58,BR,1661114320
336,tavda,58.0425,65.2726,57.11,91,61,5.48,RU,1661114320
337,thinadhoo,0.5333,72.9333,82.51,74,52,13.49,MV,1661114321
338,dorado,18.4588,-66.2677,86.86,78,75,8.05,PR,1661114175
339,binga,-17.6203,27.3414,67.55,44,5,3.06,ZW,1661114321
340,torbay,47.6666,-52.7314,63.75,79,100,4.61,CA,1661114130
341,vao,-22.6667,167.4833,70.18,85,92,17.56,NC,1661114322
342,grand gaube,-20.0064,57.6608,67.37,75,6,3.0,MU,1661113884
343,aleksandrov gay,50.147,48.5704,73.63,29,0,8.21,RU,1661114323
344,hastings,50.8552,0.5729,64.53,85,97,6.26,GB,1661114323
345,baykit,61.67,96.37,42.67,89,100,5.53,RU,1661114324
346,bud,39.447,-86.1758,83.68,66,22,7.56,US,1661114324
347,selishche,56.8879,33.2691,63.63,47,96,5.95,RU,1661114327
348,roma,43.2128,-75.4557,82.54,67,20,5.75,US,1661114328
349,zabol,32.25,67.25,67.01,76,100,7.2,AF,1661114328
350,yar-sale,66.8333,70.8333,54.91,94,100,4.7,RU,1661114329
351,archidona,37.0965,-4.3887,84.42,20,0,1.66,ES,1661114329
352,vila franca do campo,37.7167,-25.4333,73.81,81,74,2.77,PT,1661114330
353,hasaki,35.7333,140.8333,75.29,94,71,16.26,JP,1661114330
354,airai,-8.9266,125.4092,53.17,85,42,4.09,TL,1661114331
355,thanh hoa,19.8,105.7667,76.12,93,93,2.57,VN,1661114216
356,kavaratti,10.5669,72.642,81.07,80,74,15.26,IN,1661114332
357,palasa,18.7667,84.4167,80.65,78,92,5.39,IN,1661114332
358,limon,10.0,-83.0333,87.06,74,75,9.22,CR,1661114333
359,bonthe,7.5264,-12.505,76.59,88,98,6.53,SL,1661114333
360,ylojarvi,61.5563,23.5961,67.62,93,100,2.3,FI,1661114333
361,diffa,13.3154,12.6113,82.4,60,4,9.24,NE,1661114334
362,guayabetal,4.2147,-73.8172,67.91,96,97,2.51,CO,1661114050
363,beloha,-25.1667,45.05,59.83,66,0,5.39,MG,1661114338
364,bermejo,-32.8833,-68.8,67.91,22,0,6.91,AR,1661114338
365,dumai,1.6833,101.45,73.6,91,100,2.21,ID,1661114339
366,howard springs,-12.497,131.047,71.51,66,7,6.76,AU,1661114339
367,faanui,-16.4833,-151.75,78.22,73,82,19.24,PF,1661114340
368,souillac,-20.5167,57.5167,64.78,88,40,4.61,MU,1661114340
369,inverell,-29.7833,151.1167,43.16,89,12,1.99,AU,1661114341
370,mahibadhoo,3.7833,72.9667,81.99,76,38,15.35,MV,1661114341
371,tura,25.5198,90.2201,75.76,85,86,2.91,IN,1661114342
372,derzhavinsk,51.1,66.3167,53.67,93,4,8.01,KZ,1661114342
373,huarmey,-10.0681,-78.1522,67.62,72,12,11.23,PE,1661114343
374,dingle,10.9995,122.6711,74.48,91,99,3.38,PH,1661114343
375,tanglad,11.2917,125.5768,77.13,86,100,4.23,PH,1661114344
376,trincomalee,8.5711,81.2335,80.6,76,99,25.21,LK,1661114345
377,vila velha,-20.3297,-40.2925,69.75,76,0,20.0,BR,1661114345
378,antofagasta,-23.65,-70.4,58.28,71,72,3.98,CL,1661114056
379,dicabisagan,17.0818,122.4157,77.83,88,100,5.66,PH,1661114346
380,arauco,-37.2463,-73.3175,59.56,73,1,3.44,CL,1661114346
381,kautokeino,69.0125,23.0412,60.6,98,100,17.27,NO,1661114347
382,ozernovskiy,51.5,156.5167,58.96,96,55,6.26,RU,1661114347
383,santa cruz verapaz,15.3667,-90.4333,79.56,61,40,4.61,GT,1661114348
384,dodge city,37.7528,-100.0171,88.23,41,40,6.91,US,1661114348
385,koulikoro,14.0,-7.75,78.51,64,19,7.96,ML,1661114349
386,elin pelin,42.6667,23.6,66.38,77,75,6.91,BG,1661114349
387,odienne,9.51,-7.5692,70.99,96,9,1.7,CI,1661114350
388,cururupu,-1.8283,-44.8683,77.32,77,96,3.87,BR,1661114350
389,itamaraju,-17.0392,-39.5311,66.02,86,93,8.63,BR,1661114351
390,auki,-8.7676,160.7034,79.36,78,67,3.98,SB,1661114351
391,srandakan,-7.9386,110.2506,73.72,87,100,5.35,ID,1661114352
392,carlos antonio lopez,-26.4,-54.7667,65.03,76,0,1.54,PY,1661114163
393,shieli,44.1667,66.75,64.71,27,0,11.74,KZ,1661114352
394,sorland,67.667,12.6934,55.26,97,100,5.21,NO,1661114353
395,lengshuijiang,27.6881,111.4294,77.94,76,81,3.24,CN,1661114354
396,stralsund,54.3091,13.0818,63.01,64,75,1.92,DE,1661114354
397,tocopilla,-22.092,-70.1979,62.2,67,22,5.7,CL,1661114354
398,ushtobe,45.2514,77.9838,50.18,51,3,1.68,KZ,1661114355
399,khasan,42.4308,130.6434,67.21,94,99,2.33,RU,1661114356
400,fare,-16.7,-151.0167,78.3,69,74,17.2,PF,1661114356
401,erzin,36.9559,36.2,77.86,90,39,3.58,TR,1661114357
402,upernavik,72.7868,-56.1549,40.68,80,37,9.01,GL,1661114357
403,ocher,57.8904,54.7202,58.95,76,1,4.25,RU,1661114358
404,bonavista,48.6499,-53.1147,63.21,76,9,13.6,CA,1661114358
405,hit,33.6416,42.8251,92.62,22,0,9.91,IQ,1661114359
406,dong hoi,17.4833,106.6,79.39,80,95,4.7,VN,1661114359
407,whitehorse,60.7161,-135.0538,71.1,42,75,10.36,CA,1661114353
408,padilla,3.2204,-76.3139,81.97,68,94,1.61,CO,1661114360
409,sinnamary,5.3833,-52.95,81.01,80,95,9.69,GF,1661114360
410,aquiraz,-3.9014,-38.3911,82.49,76,41,12.33,BR,1661114274
411,merritt island,28.5392,-80.672,91.49,67,0,10.36,US,1661114361
412,kilrush,52.6397,-9.4833,64.15,67,99,2.68,IE,1661114362
413,dukat,62.55,155.55,48.07,98,100,7.02,RU,1661114362
414,sao jose da coroa grande,-8.8978,-35.1478,73.63,84,58,10.85,BR,1661114363
415,manhattan,40.7834,-73.9662,84.38,63,20,12.66,US,1661114363
416,suez,29.9737,32.5263,80.13,67,0,8.97,EG,1661114364
417,muravlenko,63.7898,74.523,48.34,65,100,3.94,RU,1661114364
418,miragoane,18.4423,-73.0876,83.53,71,19,2.06,HT,1661114365
419,pitimbu,-7.4706,-34.8086,79.39,80,87,13.13,BR,1661114365
420,marienburg,54.0359,19.0266,64.11,95,100,9.8,PL,1661114366
421,abu samrah,35.3029,37.1841,77.23,64,0,10.4,SY,1661114370
422,umea,63.8284,20.2597,58.93,94,100,5.75,SE,1661114371
423,todos santos,23.45,-110.2167,84.04,84,11,10.85,MX,1661114371
424,labytnangi,66.6572,66.4183,58.82,88,97,3.06,RU,1661114372
425,leshukonskoye,64.8989,45.7622,59.59,62,74,4.56,RU,1661114372
426,barranca,-10.75,-77.7667,64.45,73,18,9.6,PE,1661114373
427,sungaipenuh,-2.0833,101.3833,63.73,89,100,2.48,ID,1661114373
428,krasnoye,49.9145,24.6134,67.6,69,92,6.6,UA,1661114374
429,turtas,58.9417,69.1325,53.94,86,100,3.09,RU,1661114374
430,marsabit,2.3284,37.9899,69.66,41,99,26.75,KE,1661114375
431,puerto narino,-3.7703,-70.3831,83.8,48,14,2.62,CO,1661114375
432,port-gentil,-0.7193,8.7815,76.96,88,100,9.22,GA,1661114376
433,general roca,-39.0333,-67.5833,57.94,46,0,11.23,AR,1661114376
434,beringovskiy,63.05,179.3167,51.49,69,8,5.39,RU,1661114377
435,bowen,-20.0167,148.2333,60.26,85,1,9.37,AU,1661114377
436,port blair,11.6667,92.75,82.44,78,75,9.22,IN,1661114378
437,hay river,60.8156,-115.7999,69.78,52,100,6.91,CA,1661114378
438,mandal,25.45,74.5667,76.68,81,97,13.02,IN,1661114380
439,manaure,11.7751,-72.4445,84.33,71,68,13.53,CO,1661114380
440,buenos aires,-34.6132,-58.3772,63.99,47,100,2.35,AR,1661114126
441,chimoio,-19.1164,33.4833,60.66,88,75,5.37,MZ,1661114381
442,betare oya,5.6,14.0833,66.97,95,98,2.15,CM,1661114381
443,plettenberg bay,-34.0527,23.3716,51.4,76,0,4.34,ZA,1661114382
444,hovd,48.0056,91.6419,46.96,46,2,2.46,MN,1661114382
445,hadejia,12.4498,10.0444,82.17,58,93,6.96,NG,1661114383
446,sioux lookout,50.1001,-91.917,77.07,47,20,3.44,CA,1661114383
447,estacion coahuila,32.1939,-115.0017,98.37,41,8,13.18,MX,1661114384
448,vuktyl,63.8567,57.3094,59.0,65,6,3.09,RU,1661114384
449,bara,10.3744,10.7288,77.9,76,100,6.11,NG,1661114385
450,kiunga,-6.1219,141.2906,71.82,97,100,2.19,PG,1661114385
451,eyl,7.9803,49.8164,76.05,83,32,23.85,SO,1661114390
452,norman wells,65.282,-126.8329,64.44,52,75,3.44,CA,1661114391
453,haines junction,60.7522,-137.5108,64.35,52,68,1.14,CA,1661114391
454,burnie,-41.0667,145.9167,53.92,90,100,25.95,AU,1661114396
455,luwuk,-0.9516,122.7875,75.58,91,77,4.76,ID,1661114396
456,svetlogorsk,52.6333,29.7333,62.17,90,0,7.76,BY,1661114397
457,stephenville,32.2207,-98.2023,93.33,45,75,10.36,US,1661114397
458,higueron,18.5833,-99.1667,83.68,52,100,4.9,MX,1661114398
459,ghanzi,-21.5667,21.7833,53.83,18,0,6.42,BW,1661114398
460,chakia,26.4167,85.05,81.72,79,73,8.99,IN,1661114399
461,vestmannaeyjar,63.4427,-20.2734,51.3,81,93,11.68,IS,1661114399
462,lata,40.1629,-8.3327,63.81,97,8,4.23,PT,1661114400
463,lubango,-14.9172,13.4925,60.3,30,2,4.32,AO,1661114389
464,marsh harbour,26.5412,-77.0636,84.72,71,0,12.93,BS,1661114129
465,katsuura,35.1333,140.3,77.02,94,48,13.69,JP,1661114401
466,vaitape,-16.5167,-151.75,78.24,73,83,19.24,PF,1661114402
467,orotukan,62.2667,151.7,54.91,85,100,3.29,RU,1661114402
468,umm lajj,25.0213,37.2685,86.79,58,0,4.74,SA,1661114403
469,libertador general san martin,-23.8064,-64.7876,74.97,17,7,4.41,AR,1661114403
470,zyryanka,65.75,150.85,59.47,80,100,6.55,RU,1661114404
471,sawakin,19.1059,37.3321,97.27,52,5,15.32,SD,1661114404
472,maryville,35.7565,-83.9705,84.27,73,75,12.66,US,1661114405
473,kommunisticheskiy,61.6789,64.4819,61.23,77,51,3.87,RU,1661114405
474,conakry,9.538,-13.6773,80.67,83,75,11.5,GN,1661114406
475,south venice,27.0531,-82.4243,95.99,70,40,9.22,US,1661114406
476,santa rosa,14.3122,121.1114,82.38,91,100,4.94,PH,1661114407
477,asau,46.4333,26.4,67.28,69,10,2.98,RO,1661114407
478,agadez,19.75,10.25,94.77,12,0,5.17,NE,1661114408
479,phan thiet,10.9333,108.1,76.19,91,100,6.64,VN,1661114408
480,kruisfontein,-34.0033,24.7314,47.88,76,0,4.25,ZA,1661114409
481,taixing,32.1667,120.0136,79.45,94,63,5.91,CN,1661114409
482,urucara,-2.5364,-57.76,89.62,45,80,2.04,BR,1661114410
483,cabo san lucas,22.8909,-109.9124,92.17,58,20,10.36,MX,1661113802
484,altoona,40.5187,-78.3947,79.83,90,72,1.01,US,1661114411
485,manggar,-2.8833,108.2667,76.51,91,100,6.62,ID,1661114412
486,hami,42.8,93.45,72.77,15,99,12.86,CN,1661114412
487,lufilufi,-13.8745,-171.5986,78.58,70,68,5.41,WS,1661114413
488,vallenar,-28.5708,-70.7581,69.78,45,0,6.55,CL,1661114413
489,adrar,20.5022,-10.0711,98.44,23,99,6.76,MR,1661114414
490,hanyang,32.1371,105.5126,76.75,84,100,3.11,CN,1661114414
491,maningrida,-12.0667,134.2667,61.97,91,11,9.15,AU,1661114416
492,osmena,10.5208,119.9258,80.44,81,94,6.29,PH,1661114416
493,shenzhen,22.5455,114.0683,84.27,94,97,1.7,CN,1661114195
494,tiksi,71.6872,128.8694,40.77,93,100,15.48,RU,1661114418
495,tuatapere,-46.1333,167.6833,44.46,87,94,2.01,NZ,1661114419
496,dawlatabad,36.4141,64.9053,69.26,17,24,9.42,AF,1661114419
497,sterlitamak,53.6246,55.9502,61.25,79,18,1.77,RU,1661114420
498,ishikawa,26.4233,127.8214,84.94,84,20,9.22,JP,1661114420
499,upata,8.0086,-62.3989,77.2,96,97,4.72,VE,1661114421
500,mago,53.2514,140.1822,53.42,92,100,6.11,RU,1661114421
501,dulovo,43.8167,27.15,68.95,81,44,6.64,BG,1661114422
502,calama,-22.4667,-68.9333,68.49,3,0,21.85,CL,1661114367
503,vanimo,-2.6741,141.3028,75.4,88,41,6.17,PG,1661114422
504,aklavik,68.2191,-135.0107,41.23,88,100,11.36,CA,1661114423
505,moerai,-22.4333,-151.3333,73.65,82,72,13.4,PF,1661114423
506,maldonado,-34.6667,-54.9167,56.59,73,37,5.39,UY,1661114424
507,worland,44.0169,-107.9554,93.67,23,0,4.61,US,1661114424
508,tianpeng,30.9866,103.9393,86.47,82,75,5.39,CN,1661114425
509,sarangani,5.4033,125.4636,82.31,76,100,5.75,PH,1661114425
510,colares,38.7992,-9.4469,71.28,84,75,23.0,PT,1661114426
511,nileshwar,12.25,75.1,77.7,82,100,3.33,IN,1661114426
512,seidu,9.0167,-10.6,69.03,95,100,1.88,SL,1661114427
513,hanzhong,33.0728,107.0303,81.23,70,100,0.49,CN,1661114427
514,nuuk,64.1835,-51.7216,47.01,76,20,5.75,GL,1661114411
515,koping,59.514,15.9926,65.17,78,100,4.5,SE,1661114428
516,omsukchan,62.5333,155.8,49.69,98,100,7.56,RU,1661114429
517,piacabucu,-10.4056,-36.4344,73.47,77,19,9.86,BR,1661114429
518,itacoatiara,-3.1431,-58.4442,88.2,44,89,3.24,BR,1661114430
519,kidal,18.4411,1.4078,87.62,43,33,9.98,ML,1661114430
520,komsomolskiy,40.4272,71.7189,65.12,34,14,6.91,UZ,1661114431
521,cozumel,20.5083,-86.9458,93.27,71,40,11.5,MX,1661114154
522,alekseyevskoye,55.3071,50.1135,65.43,71,0,5.91,RU,1661114432
523,paamiut,61.994,-49.6678,41.7,90,30,14.92,GL,1661114432
524,awjilah,29.1081,21.2869,81.34,56,0,13.91,LY,1661114433
525,danville,36.586,-79.395,83.05,77,40,5.01,US,1661114363
526,sept-iles,50.2001,-66.3821,73.92,72,75,9.22,CA,1661114420
527,fukue,32.6881,128.8419,80.11,87,82,7.25,JP,1661114433
528,fort saint james,54.4333,-124.25,84.65,33,4,2.89,CA,1661114439
529,oum hadjer,13.2954,19.6966,81.01,68,27,5.79,TD,1661114439
530,magistralnyy,56.1725,107.4458,48.51,98,100,4.36,RU,1661114440
531,benghazi,32.1167,20.0667,81.79,72,0,11.01,LY,1661114440
532,buritis,-15.6178,-46.4233,77.49,31,40,5.93,BR,1661114441
533,husavik,66.0449,-17.3389,40.87,73,6,2.15,IS,1661114441
534,hualmay,-11.0964,-77.6139,66.27,71,13,11.36,PE,1661114442
535,tommot,58.9564,126.2925,48.63,92,100,2.37,RU,1661114442
536,nisia floresta,-6.0911,-35.2086,82.78,79,74,10.29,BR,1661114408
537,tarakan,3.3,117.6333,79.14,82,86,6.13,ID,1661114443
538,tezu,27.9167,96.1667,77.43,91,19,2.35,IN,1661114444
539,orlik,52.5178,99.825,35.04,89,23,2.48,RU,1661114444
540,cambridge,43.3601,-80.3127,78.19,73,75,4.61,CA,1661114338
541,vila,42.0304,-8.1588,56.28,83,9,4.63,PT,1661114445
542,palamuse,58.6843,26.584,67.82,63,100,8.21,EE,1661114445
543,kattivakkam,13.2167,80.3167,79.07,94,55,13.51,IN,1661114446
544,coihaique,-45.5752,-72.0662,53.55,62,100,10.36,CL,1661114414
545,sampit,-2.5333,112.95,73.83,96,98,1.05,ID,1661114447
546,ballina,-28.8667,153.5667,42.84,75,99,2.01,AU,1661114447
547,pirai do sul,-24.5261,-49.9486,53.98,88,77,2.91,BR,1661114448
548,willmar,45.1219,-95.0433,78.82,35,5,2.82,US,1661114193
549,kedrovyy,56.1667,91.8167,52.21,99,100,3.74,RU,1661114449
550,dubti,11.7361,41.0853,83.25,56,100,10.27,ET,1661114449
551,brandon,27.9378,-82.2859,99.1,59,40,4.61,US,1661114450
552,staryy nadym,65.6118,72.6842,48.22,81,100,2.75,RU,1661114450
553,rondonopolis,-16.4708,-54.6356,84.94,34,80,5.14,BR,1661114451
554,berbera,10.4396,45.0143,90.77,54,32,11.9,SO,1661114451
555,mount pleasant,32.7941,-79.8626,82.54,84,20,10.36,US,1661114245
556,ornskoldsvik,63.2909,18.7153,57.52,93,99,4.14,SE,1661114452
557,marfino,55.7028,37.3822,70.05,36,0,8.95,RU,1661114453
558,patos,-7.0244,-37.28,80.44,52,95,16.31,BR,1661114453
559,kota belud,6.351,116.4305,76.08,89,98,3.62,MY,1661114454
560,huilong,31.8111,121.655,80.92,91,76,9.91,CN,1661114454
